/*
Navicat MySQL Data Transfer

Source Server         : localhost_3306
Source Server Version : 50549
Source Host           : localhost:3306
Source Database       : irs1

Target Server Type    : MYSQL
Target Server Version : 50549
File Encoding         : 65001

Date: 2018-08-21 10:36:05
*/

SET FOREIGN_KEY_CHECKS=0;

-- ----------------------------
-- Table structure for tb_admin
-- ----------------------------
DROP TABLE IF EXISTS `tb_admin`;
CREATE TABLE `tb_admin` (
  `id` bigint(20) NOT NULL AUTO_INCREMENT COMMENT '管理员id',
  `username` varchar(50) NOT NULL COMMENT '用户名',
  `password` varchar(50) NOT NULL COMMENT '密码',
  `salt` varchar(5) DEFAULT '',
  `fullname` varchar(50) NOT NULL COMMENT '全名',
  `e_mail` varchar(100) DEFAULT NULL,
  `sex` varchar(1) NOT NULL COMMENT '性别：0女，1男,2保密',
  `birthday` date NOT NULL,
  `address` varchar(100) NOT NULL COMMENT '地址',
  `phone` varchar(20) NOT NULL COMMENT '手机号',
  `role_id` bigint(20) DEFAULT NULL COMMENT '角色编号',
  PRIMARY KEY (`id`),
  KEY `role_id` (`role_id`),
  CONSTRAINT `tb_admin_ibfk_1` FOREIGN KEY (`role_id`) REFERENCES `tb_roles` (`role_id`) ON DELETE SET NULL ON UPDATE SET NULL
) ENGINE=InnoDB AUTO_INCREMENT=19 DEFAULT CHARSET=utf8;

-- ----------------------------
-- Records of tb_admin
-- ----------------------------
INSERT INTO `tb_admin` VALUES ('1', 'admin', 'e10adc3949ba59abbe56e057f20f883e', null, 'arthur', 'duxiaod@qq.com', '1', '1994-11-08', '陕西省西安市雁塔区', '17693109997', '1');
INSERT INTO `tb_admin` VALUES ('18', 'test', 'e10adc3949ba59abbe56e057f20f883e', null, 'test', 'test@test.com', '1', '2018-02-25', '甘肃省兰州市榆中县和平镇', '17601038192', '61');

-- ----------------------------
-- Table structure for tb_carousel
-- ----------------------------
DROP TABLE IF EXISTS `tb_carousel`;
CREATE TABLE `tb_carousel` (
  `id` tinyint(8) NOT NULL AUTO_INCREMENT,
  `imgUrl` varchar(100) NOT NULL,
  `imgLink` varchar(100) DEFAULT NULL,
  `remark` varchar(100) DEFAULT NULL,
  `sorting` int(10) NOT NULL,
  `status` int(1) NOT NULL,
  `create_time` datetime NOT NULL,
  `update_time` datetime DEFAULT NULL,
  PRIMARY KEY (`id`)
) ENGINE=InnoDB AUTO_INCREMENT=11 DEFAULT CHARSET=utf8;

-- ----------------------------
-- Records of tb_carousel
-- ----------------------------
INSERT INTO `tb_carousel` VALUES ('8', 'fe3ecede0bec467b8be253684db5e28b3193.jpg', 'http://localhost:8080/irs/index.jsp', '百姓关心的环境问题 习近平给出最新答案', '200', '1', '2018-05-20 23:36:49', '2018-08-21 10:21:16');
INSERT INTO `tb_carousel` VALUES ('10', '1e4e799ccb41438ab4ece494f32d72c59900.jpg', 'http://localhost:8080/irs_maven/index.jsp', 'test', '19', '1', '2018-08-21 10:28:49', null);

-- ----------------------------
-- Table structure for tb_log
-- ----------------------------
DROP TABLE IF EXISTS `tb_log`;
CREATE TABLE `tb_log` (
  `id` bigint(20) NOT NULL AUTO_INCREMENT,
  `username` varchar(50) NOT NULL,
  `operation` varchar(50) NOT NULL COMMENT '操作',
  `method` varchar(100) DEFAULT NULL COMMENT '执行方法',
  `params` varchar(500) DEFAULT NULL COMMENT '请求参数',
  `ip` varchar(64) DEFAULT NULL COMMENT 'ip',
  `create_time` datetime NOT NULL COMMENT '操作时间',
  PRIMARY KEY (`id`)
) ENGINE=InnoDB AUTO_INCREMENT=690 DEFAULT CHARSET=utf8;

-- ----------------------------
-- Records of tb_log
-- ----------------------------

-- ----------------------------
-- Table structure for tb_menus
-- ----------------------------
DROP TABLE IF EXISTS `tb_menus`;
CREATE TABLE `tb_menus` (
  `menu_id` bigint(20) NOT NULL AUTO_INCREMENT,
  `title` varchar(20) NOT NULL COMMENT '菜单名',
  `icon` varchar(20) DEFAULT NULL COMMENT '图标',
  `href` varchar(100) DEFAULT NULL COMMENT '资源地址',
  `perms` varchar(500) DEFAULT NULL COMMENT '权限',
  `spread` varchar(10) NOT NULL COMMENT 'true：展开，false：不展开',
  `parent_id` bigint(20) NOT NULL COMMENT '父节点',
  `sorting` bigint(20) DEFAULT NULL,
  PRIMARY KEY (`menu_id`)
) ENGINE=InnoDB AUTO_INCREMENT=57 DEFAULT CHARSET=utf8;

-- ----------------------------
-- Records of tb_menus
-- ----------------------------


-- ----------------------------
-- Table structure for tb_roles
-- ----------------------------
DROP TABLE IF EXISTS `tb_roles`;
CREATE TABLE `tb_roles` (
  `role_id` bigint(20) NOT NULL AUTO_INCREMENT COMMENT '角色编号',
  `role_name` varchar(50) DEFAULT NULL COMMENT '角色名',
  `role_remark` varchar(100) DEFAULT NULL,
  PRIMARY KEY (`role_id`)
) ENGINE=InnoDB AUTO_INCREMENT=63 DEFAULT CHARSET=utf8;

-- ----------------------------
-- Records of tb_roles
-- ----------------------------
INSERT INTO `tb_roles` VALUES ('1', '超级管理员', '超级管理员');
INSERT INTO `tb_roles` VALUES ('61', 'test', 'test');

-- ----------------------------
-- Table structure for tb_roles_menus
-- ----------------------------
DROP TABLE IF EXISTS `tb_roles_menus`;
CREATE TABLE `tb_roles_menus` (
  `menu_id` bigint(20) NOT NULL,
  `role_id` bigint(20) NOT NULL,
  PRIMARY KEY (`menu_id`,`role_id`),
  KEY `role_id` (`role_id`),
  CONSTRAINT `tb_roles_menus_ibfk_1` FOREIGN KEY (`menu_id`) REFERENCES `tb_menus` (`menu_id`) ON DELETE CASCADE ON UPDATE CASCADE,
  CONSTRAINT `tb_roles_menus_ibfk_2` FOREIGN KEY (`role_id`) REFERENCES `tb_roles` (`role_id`) ON DELETE CASCADE ON UPDATE CASCADE
) ENGINE=InnoDB DEFAULT CHARSET=utf8;

-- ----------------------------
-- Records of tb_roles_menus
-- ----------------------------
INSERT INTO `tb_roles_menus` VALUES ('1', '1');
INSERT INTO `tb_roles_menus` VALUES ('2', '1');
INSERT INTO `tb_roles_menus` VALUES ('3', '1');
INSERT INTO `tb_roles_menus` VALUES ('4', '1');
INSERT INTO `tb_roles_menus` VALUES ('9', '1');
INSERT INTO `tb_roles_menus` VALUES ('10', '1');
INSERT INTO `tb_roles_menus` VALUES ('11', '1');
INSERT INTO `tb_roles_menus` VALUES ('14', '1');
INSERT INTO `tb_roles_menus` VALUES ('15', '1');
INSERT INTO `tb_roles_menus` VALUES ('16', '1');
INSERT INTO `tb_roles_menus` VALUES ('17', '1');
INSERT INTO `tb_roles_menus` VALUES ('18', '1');
INSERT INTO `tb_roles_menus` VALUES ('19', '1');
INSERT INTO `tb_roles_menus` VALUES ('20', '1');
INSERT INTO `tb_roles_menus` VALUES ('21', '1');
INSERT INTO `tb_roles_menus` VALUES ('22', '1');
INSERT INTO `tb_roles_menus` VALUES ('23', '1');
INSERT INTO `tb_roles_menus` VALUES ('33', '1');
INSERT INTO `tb_roles_menus` VALUES ('34', '1');
INSERT INTO `tb_roles_menus` VALUES ('35', '1');
INSERT INTO `tb_roles_menus` VALUES ('36', '1');
INSERT INTO `tb_roles_menus` VALUES ('37', '1');
INSERT INTO `tb_roles_menus` VALUES ('42', '1');
INSERT INTO `tb_roles_menus` VALUES ('43', '1');
INSERT INTO `tb_roles_menus` VALUES ('44', '1');
INSERT INTO `tb_roles_menus` VALUES ('45', '1');
INSERT INTO `tb_roles_menus` VALUES ('46', '1');
INSERT INTO `tb_roles_menus` VALUES ('47', '1');
INSERT INTO `tb_roles_menus` VALUES ('48', '1');
INSERT INTO `tb_roles_menus` VALUES ('49', '1');
INSERT INTO `tb_roles_menus` VALUES ('50', '1');
INSERT INTO `tb_roles_menus` VALUES ('51', '1');
INSERT INTO `tb_roles_menus` VALUES ('52', '1');
INSERT INTO `tb_roles_menus` VALUES ('53', '1');
INSERT INTO `tb_roles_menus` VALUES ('54', '1');
INSERT INTO `tb_roles_menus` VALUES ('55', '1');
INSERT INTO `tb_roles_menus` VALUES ('56', '1');
INSERT INTO `tb_roles_menus` VALUES ('1', '61');
INSERT INTO `tb_roles_menus` VALUES ('2', '61');
INSERT INTO `tb_roles_menus` VALUES ('3', '61');
INSERT INTO `tb_roles_menus` VALUES ('4', '61');
INSERT INTO `tb_roles_menus` VALUES ('9', '61');
INSERT INTO `tb_roles_menus` VALUES ('11', '61');
INSERT INTO `tb_roles_menus` VALUES ('14', '61');
INSERT INTO `tb_roles_menus` VALUES ('15', '61');
INSERT INTO `tb_roles_menus` VALUES ('16', '61');
INSERT INTO `tb_roles_menus` VALUES ('17', '61');
INSERT INTO `tb_roles_menus` VALUES ('18', '61');
INSERT INTO `tb_roles_menus` VALUES ('19', '61');
INSERT INTO `tb_roles_menus` VALUES ('20', '61');
INSERT INTO `tb_roles_menus` VALUES ('34', '61');
INSERT INTO `tb_roles_menus` VALUES ('42', '61');
INSERT INTO `tb_roles_menus` VALUES ('43', '61');
INSERT INTO `tb_roles_menus` VALUES ('44', '61');
INSERT INTO `tb_roles_menus` VALUES ('45', '61');
INSERT INTO `tb_roles_menus` VALUES ('46', '61');
INSERT INTO `tb_roles_menus` VALUES ('47', '61');
INSERT INTO `tb_roles_menus` VALUES ('48', '61');
INSERT INTO `tb_roles_menus` VALUES ('49', '61');
INSERT INTO `tb_roles_menus` VALUES ('50', '61');

-- ----------------------------
-- Table structure for tb_test
-- ----------------------------
DROP TABLE IF EXISTS `tb_test`;
CREATE TABLE `tb_test` (
  `id` int(11) NOT NULL AUTO_INCREMENT,
  `msg` varchar(255) DEFAULT NULL,
  PRIMARY KEY (`id`)
) ENGINE=InnoDB DEFAULT CHARSET=utf8;

-- ----------------------------
-- Records of tb_test
-- ----------------------------

-- ----------------------------
-- Table structure for tb_users
-- ----------------------------
DROP TABLE IF EXISTS `tb_users`;
CREATE TABLE `tb_users` (
  `uid` bigint(20) unsigned NOT NULL AUTO_INCREMENT,
  `e_mail` varchar(50) NOT NULL,
  `nickname` varchar(50) NOT NULL COMMENT '昵称：唯一',
  `password` varchar(50) NOT NULL,
  `sex` varchar(1) NOT NULL COMMENT '0:女，1:男，2：保密',
  `birthday` date NOT NULL,
  `address` varchar(100) NOT NULL,
  `phone` varchar(20) DEFAULT NULL,
  `e_code` varchar(50) NOT NULL,
  `status` varchar(1) DEFAULT NULL COMMENT '0:未激活，1，正常，2，禁用',
  `create_time` datetime NOT NULL,
  PRIMARY KEY (`uid`)
) ENGINE=InnoDB AUTO_INCREMENT=30 DEFAULT CHARSET=utf8;

-- ----------------------------
-- Records of tb_users
-- ----------------------------
INSERT INTO `tb_users` VALUES ('27', 'isduxd@qq.com', 'test', '96e79218965eb72c92a549dd5a330112', '0', '2018-03-25', '北京通州科创十四街区', '17693109923', 'b3f28566dac54f86bd4f4c2ce36e23d8019', '1', '2018-03-25 14:48:48');
INSERT INTO `tb_users` VALUES ('28', '123@qq.com', '2113', '96e79218965eb72c92a549dd5a330112', '1', '2018-07-26', '123123', '17693109997', 'c6411671821c43ca926c032e51ded16a897', '1', '2018-07-27 09:59:16');
INSERT INTO `tb_users` VALUES ('29', 'sdf@163.com', '123123', '96e79218965eb72c92a549dd5a330112', '2', '2018-07-27', '123123', '17111111111', '92197e8f8a5647ae8be96fe2db555575147', '1', '2018-07-27 14:23:55');
